{"cameraMode":{"drawMode":0,"name":"Shaded","section":"Shading Mode"},"sceneLighting":true,"audioPlay":false,"sceneViewState":{"showFog":true,"showMaterialUpdate":true,"showSkybox":true,"showFlares":true,"showImageEffects":true,"showParticleSystems":true,"showVisualEffectGraphs":true,"m_FxEnabled":true},"in2DMode":false,"pivot":{"x":653.662353515625,"y":548.5498046875,"z":-47.359405517578128},"rotation":{"x":0.006309475749731064,"y":0.005994964856654406,"z":-0.000037997448089299724,"w":0.9999575614929199},"size":11.290736198425293,"orthographic":false}